accuracy,1.0,0.0004974106580018997,RandomForestClassifier,25,"['32648_at', '32252_at', '1814_at', '35778_at', '40649_at', '40165_at', '32650_at', '38887_r_at', '613_at', '32254_at', '38138_at', '38484_at', '37406_at', '36160_s_at', '41430_at', '36148_at', '41289_at', '33157_at', '41325_at', '40808_at', '34265_at', '37478_at', '33426_at', '36924_r_at', '33377_at', '0', '1', '2', '3', '4', '5', '6', '7', '8', '9', '10', '11', '12', '13', '14', '15', '16', '17', '18', '19', '20', '21', '22', '23', '24', '0_rbf', '1_rbf', '2_rbf', '3_rbf', '4_rbf', '5_rbf', '6_rbf', '7_rbf', '8_rbf', '9_rbf', '10_rbf', '11_rbf', '12_rbf', '13_rbf', '14_rbf', '15_rbf', '16_rbf', '17_rbf', '18_rbf', '19_rbf', '20_rbf', '21_rbf', '22_rbf', '23_rbf', '24_rbf', 25, 26, 27, 28, 29, 30, 31, 32, 33, 34, 35, 36, 37, 38, 39, 40, 41, 42, 43, 44, 45, 46, 47, 48, 49, 50, 51, 52, 53, 54, 55, 56, 57, 58, 59, 60, 61, 62, 63, 64, 65, 66, 67, 68, 69, 70, 71, 72, 73, 74, 75, 76, 77, 78, 79, 80, 81, 82, 83, 84, 85, 86, 87, 88, 89, 90, 91, 92, 93, 94, 95, 96, 97, 98, 99, 100, 101, 102, 103, 104, 105, 106, 107, 108, 109, 110, 111, 112, 113, 114, 115, 116, 117, 118, 119, 120, 121, 122, 123, 124, 125, 126, 127, 128, 129, 130, 131, 132, 133, 134, 135, 136, 137, 138, 139, 140, 141, 142, 143, 144, 145, 146, 147, 148, 149, 150, 151, 152, 153, 154, 155, 156, 157, 158, 159, 160, 161, 162, 163, 164, 165, 166, 167, 168, 169, 170, 171, 172, 173, 174, 175, 176, 177, 178, 179, 180]",[7.18015997 6.77407789 8.17662429 ... 1.12735236 6.60440361 3.85711138],Aug_f_classif,1,0.04252462275326252,ARFF_Lung,203,12600,StratifiedKFold n_splits = 10
MCC,1.0,0.0004974106580018997,RandomForestClassifier,25,"['32648_at', '32252_at', '1814_at', '35778_at', '40649_at', '40165_at', '32650_at', '38887_r_at', '613_at', '32254_at', '38138_at', '38484_at', '37406_at', '36160_s_at', '41430_at', '36148_at', '41289_at', '33157_at', '41325_at', '40808_at', '34265_at', '37478_at', '33426_at', '36924_r_at', '33377_at', '0', '1', '2', '3', '4', '5', '6', '7', '8', '9', '10', '11', '12', '13', '14', '15', '16', '17', '18', '19', '20', '21', '22', '23', '24', '0_rbf', '1_rbf', '2_rbf', '3_rbf', '4_rbf', '5_rbf', '6_rbf', '7_rbf', '8_rbf', '9_rbf', '10_rbf', '11_rbf', '12_rbf', '13_rbf', '14_rbf', '15_rbf', '16_rbf', '17_rbf', '18_rbf', '19_rbf', '20_rbf', '21_rbf', '22_rbf', '23_rbf', '24_rbf', 25, 26, 27, 28, 29, 30, 31, 32, 33, 34, 35, 36, 37, 38, 39, 40, 41, 42, 43, 44, 45, 46, 47, 48, 49, 50, 51, 52, 53, 54, 55, 56, 57, 58, 59, 60, 61, 62, 63, 64, 65, 66, 67, 68, 69, 70, 71, 72, 73, 74, 75, 76, 77, 78, 79, 80, 81, 82, 83, 84, 85, 86, 87, 88, 89, 90, 91, 92, 93, 94, 95, 96, 97, 98, 99, 100, 101, 102, 103, 104, 105, 106, 107, 108, 109, 110, 111, 112, 113, 114, 115, 116, 117, 118, 119, 120, 121, 122, 123, 124, 125, 126, 127, 128, 129, 130, 131, 132, 133, 134, 135, 136, 137, 138, 139, 140, 141, 142, 143, 144, 145, 146, 147, 148, 149, 150, 151, 152, 153, 154, 155, 156, 157, 158, 159, 160, 161, 162, 163, 164, 165, 166, 167, 168, 169, 170, 171, 172, 173, 174, 175, 176, 177, 178, 179, 180]",[7.18015997 6.77407789 8.17662429 ... 1.12735236 6.60440361 3.85711138],Aug_f_classif,1,0.04252462275326252,ARFF_Lung,203,12600,StratifiedKFold n_splits = 10
AUC,1.0,0.0004974106580018997,RandomForestClassifier,25,"['32648_at', '32252_at', '1814_at', '35778_at', '40649_at', '40165_at', '32650_at', '38887_r_at', '613_at', '32254_at', '38138_at', '38484_at', '37406_at', '36160_s_at', '41430_at', '36148_at', '41289_at', '33157_at', '41325_at', '40808_at', '34265_at', '37478_at', '33426_at', '36924_r_at', '33377_at', '0', '1', '2', '3', '4', '5', '6', '7', '8', '9', '10', '11', '12', '13', '14', '15', '16', '17', '18', '19', '20', '21', '22', '23', '24', '0_rbf', '1_rbf', '2_rbf', '3_rbf', '4_rbf', '5_rbf', '6_rbf', '7_rbf', '8_rbf', '9_rbf', '10_rbf', '11_rbf', '12_rbf', '13_rbf', '14_rbf', '15_rbf', '16_rbf', '17_rbf', '18_rbf', '19_rbf', '20_rbf', '21_rbf', '22_rbf', '23_rbf', '24_rbf', 25, 26, 27, 28, 29, 30, 31, 32, 33, 34, 35, 36, 37, 38, 39, 40, 41, 42, 43, 44, 45, 46, 47, 48, 49, 50, 51, 52, 53, 54, 55, 56, 57, 58, 59, 60, 61, 62, 63, 64, 65, 66, 67, 68, 69, 70, 71, 72, 73, 74, 75, 76, 77, 78, 79, 80, 81, 82, 83, 84, 85, 86, 87, 88, 89, 90, 91, 92, 93, 94, 95, 96, 97, 98, 99, 100, 101, 102, 103, 104, 105, 106, 107, 108, 109, 110, 111, 112, 113, 114, 115, 116, 117, 118, 119, 120, 121, 122, 123, 124, 125, 126, 127, 128, 129, 130, 131, 132, 133, 134, 135, 136, 137, 138, 139, 140, 141, 142, 143, 144, 145, 146, 147, 148, 149, 150, 151, 152, 153, 154, 155, 156, 157, 158, 159, 160, 161, 162, 163, 164, 165, 166, 167, 168, 169, 170, 171, 172, 173, 174, 175, 176, 177, 178, 179, 180]",[7.18015997 6.77407789 8.17662429 ... 1.12735236 6.60440361 3.85711138],Aug_f_classif,1,0.04252462275326252,ARFF_Lung,203,12600,StratifiedKFold n_splits = 10
PR-AUC,1.0,0.0004974106580018997,RandomForestClassifier,25,"['32648_at', '32252_at', '1814_at', '35778_at', '40649_at', '40165_at', '32650_at', '38887_r_at', '613_at', '32254_at', '38138_at', '38484_at', '37406_at', '36160_s_at', '41430_at', '36148_at', '41289_at', '33157_at', '41325_at', '40808_at', '34265_at', '37478_at', '33426_at', '36924_r_at', '33377_at', '0', '1', '2', '3', '4', '5', '6', '7', '8', '9', '10', '11', '12', '13', '14', '15', '16', '17', '18', '19', '20', '21', '22', '23', '24', '0_rbf', '1_rbf', '2_rbf', '3_rbf', '4_rbf', '5_rbf', '6_rbf', '7_rbf', '8_rbf', '9_rbf', '10_rbf', '11_rbf', '12_rbf', '13_rbf', '14_rbf', '15_rbf', '16_rbf', '17_rbf', '18_rbf', '19_rbf', '20_rbf', '21_rbf', '22_rbf', '23_rbf', '24_rbf', 25, 26, 27, 28, 29, 30, 31, 32, 33, 34, 35, 36, 37, 38, 39, 40, 41, 42, 43, 44, 45, 46, 47, 48, 49, 50, 51, 52, 53, 54, 55, 56, 57, 58, 59, 60, 61, 62, 63, 64, 65, 66, 67, 68, 69, 70, 71, 72, 73, 74, 75, 76, 77, 78, 79, 80, 81, 82, 83, 84, 85, 86, 87, 88, 89, 90, 91, 92, 93, 94, 95, 96, 97, 98, 99, 100, 101, 102, 103, 104, 105, 106, 107, 108, 109, 110, 111, 112, 113, 114, 115, 116, 117, 118, 119, 120, 121, 122, 123, 124, 125, 126, 127, 128, 129, 130, 131, 132, 133, 134, 135, 136, 137, 138, 139, 140, 141, 142, 143, 144, 145, 146, 147, 148, 149, 150, 151, 152, 153, 154, 155, 156, 157, 158, 159, 160, 161, 162, 163, 164, 165, 166, 167, 168, 169, 170, 171, 172, 173, 174, 175, 176, 177, 178, 179, 180]",[7.18015997 6.77407789 8.17662429 ... 1.12735236 6.60440361 3.85711138],Aug_f_classif,1,0.04252462275326252,ARFF_Lung,203,12600,StratifiedKFold n_splits = 10
accuracy,0.9047619047619048,0.000510695618391037,RandomForestClassifier,25,"['36750_at', '613_at', '40165_at', '32254_at', '1390_s_at', '41792_at', '38138_at', '32252_at', '35778_at', '40649_at', '34265_at', '33426_at', '38484_at', '37478_at', '36160_s_at', '36148_at', '41325_at', '36924_r_at', '41289_at', '38887_r_at', '33157_at', '33377_at', '37406_at', '41430_at', '40808_at', '0', '1', '2', '3', '4', '5', '6', '7', '8', '9', '10', '11', '12', '13', '14', '15', '16', '17', '18', '19', '20', '21', '22', '23', '24', '0_rbf', '1_rbf', '2_rbf', '3_rbf', '4_rbf', '5_rbf', '6_rbf', '7_rbf', '8_rbf', '9_rbf', '10_rbf', '11_rbf', '12_rbf', '13_rbf', '14_rbf', '15_rbf', '16_rbf', '17_rbf', '18_rbf', '19_rbf', '20_rbf', '21_rbf', '22_rbf', '23_rbf', '24_rbf', 25, 26, 27, 28, 29, 30, 31, 32, 33, 34, 35, 36, 37, 38, 39, 40, 41, 42, 43, 44, 45, 46, 47, 48, 49, 50, 51, 52, 53, 54, 55, 56, 57, 58, 59, 60, 61, 62, 63, 64, 65, 66, 67, 68, 69, 70, 71, 72, 73, 74, 75, 76, 77, 78, 79, 80, 81, 82, 83, 84, 85, 86, 87, 88, 89, 90, 91, 92, 93, 94, 95, 96, 97, 98, 99, 100, 101, 102, 103, 104, 105, 106, 107, 108, 109, 110, 111, 112, 113, 114, 115, 116, 117, 118, 119, 120, 121, 122, 123, 124, 125, 126, 127, 128, 129, 130, 131, 132, 133, 134, 135, 136, 137, 138, 139, 140, 141, 142, 143, 144, 145, 146, 147, 148, 149, 150, 151, 152, 153, 154, 155, 156, 157, 158, 159, 160, 161, 162, 163, 164, 165, 166, 167, 168, 169, 170, 171, 172, 173, 174, 175, 176, 177, 178, 179, 180]","[11.36025966  9.84917465 12.78695942 ...  0.81613633  7.5913696
  5.08736167]",Aug_f_classif,2,0.043742695823311806,ARFF_Lung,203,12600,StratifiedKFold n_splits = 10
MCC,0.8165515694169238,0.000510695618391037,RandomForestClassifier,25,"['36750_at', '613_at', '40165_at', '32254_at', '1390_s_at', '41792_at', '38138_at', '32252_at', '35778_at', '40649_at', '34265_at', '33426_at', '38484_at', '37478_at', '36160_s_at', '36148_at', '41325_at', '36924_r_at', '41289_at', '38887_r_at', '33157_at', '33377_at', '37406_at', '41430_at', '40808_at', '0', '1', '2', '3', '4', '5', '6', '7', '8', '9', '10', '11', '12', '13', '14', '15', '16', '17', '18', '19', '20', '21', '22', '23', '24', '0_rbf', '1_rbf', '2_rbf', '3_rbf', '4_rbf', '5_rbf', '6_rbf', '7_rbf', '8_rbf', '9_rbf', '10_rbf', '11_rbf', '12_rbf', '13_rbf', '14_rbf', '15_rbf', '16_rbf', '17_rbf', '18_rbf', '19_rbf', '20_rbf', '21_rbf', '22_rbf', '23_rbf', '24_rbf', 25, 26, 27, 28, 29, 30, 31, 32, 33, 34, 35, 36, 37, 38, 39, 40, 41, 42, 43, 44, 45, 46, 47, 48, 49, 50, 51, 52, 53, 54, 55, 56, 57, 58, 59, 60, 61, 62, 63, 64, 65, 66, 67, 68, 69, 70, 71, 72, 73, 74, 75, 76, 77, 78, 79, 80, 81, 82, 83, 84, 85, 86, 87, 88, 89, 90, 91, 92, 93, 94, 95, 96, 97, 98, 99, 100, 101, 102, 103, 104, 105, 106, 107, 108, 109, 110, 111, 112, 113, 114, 115, 116, 117, 118, 119, 120, 121, 122, 123, 124, 125, 126, 127, 128, 129, 130, 131, 132, 133, 134, 135, 136, 137, 138, 139, 140, 141, 142, 143, 144, 145, 146, 147, 148, 149, 150, 151, 152, 153, 154, 155, 156, 157, 158, 159, 160, 161, 162, 163, 164, 165, 166, 167, 168, 169, 170, 171, 172, 173, 174, 175, 176, 177, 178, 179, 180]","[11.36025966  9.84917465 12.78695942 ...  0.81613633  7.5913696
  5.08736167]",Aug_f_classif,2,0.043742695823311806,ARFF_Lung,203,12600,StratifiedKFold n_splits = 10
AUC,0.9909297052154196,0.000510695618391037,RandomForestClassifier,25,"['36750_at', '613_at', '40165_at', '32254_at', '1390_s_at', '41792_at', '38138_at', '32252_at', '35778_at', '40649_at', '34265_at', '33426_at', '38484_at', '37478_at', '36160_s_at', '36148_at', '41325_at', '36924_r_at', '41289_at', '38887_r_at', '33157_at', '33377_at', '37406_at', '41430_at', '40808_at', '0', '1', '2', '3', '4', '5', '6', '7', '8', '9', '10', '11', '12', '13', '14', '15', '16', '17', '18', '19', '20', '21', '22', '23', '24', '0_rbf', '1_rbf', '2_rbf', '3_rbf', '4_rbf', '5_rbf', '6_rbf', '7_rbf', '8_rbf', '9_rbf', '10_rbf', '11_rbf', '12_rbf', '13_rbf', '14_rbf', '15_rbf', '16_rbf', '17_rbf', '18_rbf', '19_rbf', '20_rbf', '21_rbf', '22_rbf', '23_rbf', '24_rbf', 25, 26, 27, 28, 29, 30, 31, 32, 33, 34, 35, 36, 37, 38, 39, 40, 41, 42, 43, 44, 45, 46, 47, 48, 49, 50, 51, 52, 53, 54, 55, 56, 57, 58, 59, 60, 61, 62, 63, 64, 65, 66, 67, 68, 69, 70, 71, 72, 73, 74, 75, 76, 77, 78, 79, 80, 81, 82, 83, 84, 85, 86, 87, 88, 89, 90, 91, 92, 93, 94, 95, 96, 97, 98, 99, 100, 101, 102, 103, 104, 105, 106, 107, 108, 109, 110, 111, 112, 113, 114, 115, 116, 117, 118, 119, 120, 121, 122, 123, 124, 125, 126, 127, 128, 129, 130, 131, 132, 133, 134, 135, 136, 137, 138, 139, 140, 141, 142, 143, 144, 145, 146, 147, 148, 149, 150, 151, 152, 153, 154, 155, 156, 157, 158, 159, 160, 161, 162, 163, 164, 165, 166, 167, 168, 169, 170, 171, 172, 173, 174, 175, 176, 177, 178, 179, 180]","[11.36025966  9.84917465 12.78695942 ...  0.81613633  7.5913696
  5.08736167]",Aug_f_classif,2,0.043742695823311806,ARFF_Lung,203,12600,StratifiedKFold n_splits = 10
PR-AUC,0.9682308675729728,0.000510695618391037,RandomForestClassifier,25,"['36750_at', '613_at', '40165_at', '32254_at', '1390_s_at', '41792_at', '38138_at', '32252_at', '35778_at', '40649_at', '34265_at', '33426_at', '38484_at', '37478_at', '36160_s_at', '36148_at', '41325_at', '36924_r_at', '41289_at', '38887_r_at', '33157_at', '33377_at', '37406_at', '41430_at', '40808_at', '0', '1', '2', '3', '4', '5', '6', '7', '8', '9', '10', '11', '12', '13', '14', '15', '16', '17', '18', '19', '20', '21', '22', '23', '24', '0_rbf', '1_rbf', '2_rbf', '3_rbf', '4_rbf', '5_rbf', '6_rbf', '7_rbf', '8_rbf', '9_rbf', '10_rbf', '11_rbf', '12_rbf', '13_rbf', '14_rbf', '15_rbf', '16_rbf', '17_rbf', '18_rbf', '19_rbf', '20_rbf', '21_rbf', '22_rbf', '23_rbf', '24_rbf', 25, 26, 27, 28, 29, 30, 31, 32, 33, 34, 35, 36, 37, 38, 39, 40, 41, 42, 43, 44, 45, 46, 47, 48, 49, 50, 51, 52, 53, 54, 55, 56, 57, 58, 59, 60, 61, 62, 63, 64, 65, 66, 67, 68, 69, 70, 71, 72, 73, 74, 75, 76, 77, 78, 79, 80, 81, 82, 83, 84, 85, 86, 87, 88, 89, 90, 91, 92, 93, 94, 95, 96, 97, 98, 99, 100, 101, 102, 103, 104, 105, 106, 107, 108, 109, 110, 111, 112, 113, 114, 115, 116, 117, 118, 119, 120, 121, 122, 123, 124, 125, 126, 127, 128, 129, 130, 131, 132, 133, 134, 135, 136, 137, 138, 139, 140, 141, 142, 143, 144, 145, 146, 147, 148, 149, 150, 151, 152, 153, 154, 155, 156, 157, 158, 159, 160, 161, 162, 163, 164, 165, 166, 167, 168, 169, 170, 171, 172, 173, 174, 175, 176, 177, 178, 179, 180]","[11.36025966  9.84917465 12.78695942 ...  0.81613633  7.5913696
  5.08736167]",Aug_f_classif,2,0.043742695823311806,ARFF_Lung,203,12600,StratifiedKFold n_splits = 10
accuracy,0.8571428571428571,0.0005021339923143386,RandomForestClassifier,25,"['36750_at', '1814_at', '35778_at', '38138_at', '32254_at', '36160_s_at', '32648_at', '38887_r_at', '40649_at', '32252_at', '32650_at', '33426_at', '34265_at', '33157_at', '40165_at', '33377_at', '36924_r_at', '38484_at', '36148_at', '40808_at', '37406_at', '37478_at', '41430_at', '41289_at', '41325_at', '0', '1', '2', '3', '4', '5', '6', '7', '8', '9', '10', '11', '12', '13', '14', '15', '16', '17', '18', '19', '20', '21', '22', '23', '24', '0_rbf', '1_rbf', '2_rbf', '3_rbf', '4_rbf', '5_rbf', '6_rbf', '7_rbf', '8_rbf', '9_rbf', '10_rbf', '11_rbf', '12_rbf', '13_rbf', '14_rbf', '15_rbf', '16_rbf', '17_rbf', '18_rbf', '19_rbf', '20_rbf', '21_rbf', '22_rbf', '23_rbf', '24_rbf', 25, 26, 27, 28, 29, 30, 31, 32, 33, 34, 35, 36, 37, 38, 39, 40, 41, 42, 43, 44, 45, 46, 47, 48, 49, 50, 51, 52, 53, 54, 55, 56, 57, 58, 59, 60, 61, 62, 63, 64, 65, 66, 67, 68, 69, 70, 71, 72, 73, 74, 75, 76, 77, 78, 79, 80, 81, 82, 83, 84, 85, 86, 87, 88, 89, 90, 91, 92, 93, 94, 95, 96, 97, 98, 99, 100, 101, 102, 103, 104, 105, 106, 107, 108, 109, 110, 111, 112, 113, 114, 115, 116, 117, 118, 119, 120, 121, 122, 123, 124, 125, 126, 127, 128, 129, 130, 131, 132, 133, 134, 135, 136, 137, 138, 139, 140, 141, 142, 143, 144, 145, 146, 147, 148, 149, 150, 151, 152, 153, 154, 155, 156, 157, 158, 159, 160, 161, 162, 163, 164, 165, 166, 167, 168, 169, 170, 171, 172, 173, 174, 175, 176, 177, 178, 179, 180]",[7.73274506 7.01406567 9.2211749  ... 1.08391403 7.13097359 4.42650167],Aug_f_classif,3,0.0432718638330698,ARFF_Lung,203,12600,StratifiedKFold n_splits = 10
MCC,0.7180049598201699,0.0005021339923143386,RandomForestClassifier,25,"['36750_at', '1814_at', '35778_at', '38138_at', '32254_at', '36160_s_at', '32648_at', '38887_r_at', '40649_at', '32252_at', '32650_at', '33426_at', '34265_at', '33157_at', '40165_at', '33377_at', '36924_r_at', '38484_at', '36148_at', '40808_at', '37406_at', '37478_at', '41430_at', '41289_at', '41325_at', '0', '1', '2', '3', '4', '5', '6', '7', '8', '9', '10', '11', '12', '13', '14', '15', '16', '17', '18', '19', '20', '21', '22', '23', '24', '0_rbf', '1_rbf', '2_rbf', '3_rbf', '4_rbf', '5_rbf', '6_rbf', '7_rbf', '8_rbf', '9_rbf', '10_rbf', '11_rbf', '12_rbf', '13_rbf', '14_rbf', '15_rbf', '16_rbf', '17_rbf', '18_rbf', '19_rbf', '20_rbf', '21_rbf', '22_rbf', '23_rbf', '24_rbf', 25, 26, 27, 28, 29, 30, 31, 32, 33, 34, 35, 36, 37, 38, 39, 40, 41, 42, 43, 44, 45, 46, 47, 48, 49, 50, 51, 52, 53, 54, 55, 56, 57, 58, 59, 60, 61, 62, 63, 64, 65, 66, 67, 68, 69, 70, 71, 72, 73, 74, 75, 76, 77, 78, 79, 80, 81, 82, 83, 84, 85, 86, 87, 88, 89, 90, 91, 92, 93, 94, 95, 96, 97, 98, 99, 100, 101, 102, 103, 104, 105, 106, 107, 108, 109, 110, 111, 112, 113, 114, 115, 116, 117, 118, 119, 120, 121, 122, 123, 124, 125, 126, 127, 128, 129, 130, 131, 132, 133, 134, 135, 136, 137, 138, 139, 140, 141, 142, 143, 144, 145, 146, 147, 148, 149, 150, 151, 152, 153, 154, 155, 156, 157, 158, 159, 160, 161, 162, 163, 164, 165, 166, 167, 168, 169, 170, 171, 172, 173, 174, 175, 176, 177, 178, 179, 180]",[7.73274506 7.01406567 9.2211749  ... 1.08391403 7.13097359 4.42650167],Aug_f_classif,3,0.0432718638330698,ARFF_Lung,203,12600,StratifiedKFold n_splits = 10
AUC,0.9912131519274376,0.0005021339923143386,RandomForestClassifier,25,"['36750_at', '1814_at', '35778_at', '38138_at', '32254_at', '36160_s_at', '32648_at', '38887_r_at', '40649_at', '32252_at', '32650_at', '33426_at', '34265_at', '33157_at', '40165_at', '33377_at', '36924_r_at', '38484_at', '36148_at', '40808_at', '37406_at', '37478_at', '41430_at', '41289_at', '41325_at', '0', '1', '2', '3', '4', '5', '6', '7', '8', '9', '10', '11', '12', '13', '14', '15', '16', '17', '18', '19', '20', '21', '22', '23', '24', '0_rbf', '1_rbf', '2_rbf', '3_rbf', '4_rbf', '5_rbf', '6_rbf', '7_rbf', '8_rbf', '9_rbf', '10_rbf', '11_rbf', '12_rbf', '13_rbf', '14_rbf', '15_rbf', '16_rbf', '17_rbf', '18_rbf', '19_rbf', '20_rbf', '21_rbf', '22_rbf', '23_rbf', '24_rbf', 25, 26, 27, 28, 29, 30, 31, 32, 33, 34, 35, 36, 37, 38, 39, 40, 41, 42, 43, 44, 45, 46, 47, 48, 49, 50, 51, 52, 53, 54, 55, 56, 57, 58, 59, 60, 61, 62, 63, 64, 65, 66, 67, 68, 69, 70, 71, 72, 73, 74, 75, 76, 77, 78, 79, 80, 81, 82, 83, 84, 85, 86, 87, 88, 89, 90, 91, 92, 93, 94, 95, 96, 97, 98, 99, 100, 101, 102, 103, 104, 105, 106, 107, 108, 109, 110, 111, 112, 113, 114, 115, 116, 117, 118, 119, 120, 121, 122, 123, 124, 125, 126, 127, 128, 129, 130, 131, 132, 133, 134, 135, 136, 137, 138, 139, 140, 141, 142, 143, 144, 145, 146, 147, 148, 149, 150, 151, 152, 153, 154, 155, 156, 157, 158, 159, 160, 161, 162, 163, 164, 165, 166, 167, 168, 169, 170, 171, 172, 173, 174, 175, 176, 177, 178, 179, 180]",[7.73274506 7.01406567 9.2211749  ... 1.08391403 7.13097359 4.42650167],Aug_f_classif,3,0.0432718638330698,ARFF_Lung,203,12600,StratifiedKFold n_splits = 10
PR-AUC,0.9670350862301327,0.0005021339923143386,RandomForestClassifier,25,"['36750_at', '1814_at', '35778_at', '38138_at', '32254_at', '36160_s_at', '32648_at', '38887_r_at', '40649_at', '32252_at', '32650_at', '33426_at', '34265_at', '33157_at', '40165_at', '33377_at', '36924_r_at', '38484_at', '36148_at', '40808_at', '37406_at', '37478_at', '41430_at', '41289_at', '41325_at', '0', '1', '2', '3', '4', '5', '6', '7', '8', '9', '10', '11', '12', '13', '14', '15', '16', '17', '18', '19', '20', '21', '22', '23', '24', '0_rbf', '1_rbf', '2_rbf', '3_rbf', '4_rbf', '5_rbf', '6_rbf', '7_rbf', '8_rbf', '9_rbf', '10_rbf', '11_rbf', '12_rbf', '13_rbf', '14_rbf', '15_rbf', '16_rbf', '17_rbf', '18_rbf', '19_rbf', '20_rbf', '21_rbf', '22_rbf', '23_rbf', '24_rbf', 25, 26, 27, 28, 29, 30, 31, 32, 33, 34, 35, 36, 37, 38, 39, 40, 41, 42, 43, 44, 45, 46, 47, 48, 49, 50, 51, 52, 53, 54, 55, 56, 57, 58, 59, 60, 61, 62, 63, 64, 65, 66, 67, 68, 69, 70, 71, 72, 73, 74, 75, 76, 77, 78, 79, 80, 81, 82, 83, 84, 85, 86, 87, 88, 89, 90, 91, 92, 93, 94, 95, 96, 97, 98, 99, 100, 101, 102, 103, 104, 105, 106, 107, 108, 109, 110, 111, 112, 113, 114, 115, 116, 117, 118, 119, 120, 121, 122, 123, 124, 125, 126, 127, 128, 129, 130, 131, 132, 133, 134, 135, 136, 137, 138, 139, 140, 141, 142, 143, 144, 145, 146, 147, 148, 149, 150, 151, 152, 153, 154, 155, 156, 157, 158, 159, 160, 161, 162, 163, 164, 165, 166, 167, 168, 169, 170, 171, 172, 173, 174, 175, 176, 177, 178, 179, 180]",[7.73274506 7.01406567 9.2211749  ... 1.08391403 7.13097359 4.42650167],Aug_f_classif,3,0.0432718638330698,ARFF_Lung,203,12600,StratifiedKFold n_splits = 10
accuracy,0.9,0.0004863823741674423,RandomForestClassifier,25,"['32252_at', '40272_at', '32321_at', '1814_at', '40165_at', '32254_at', '35778_at', '36160_s_at', '613_at', '38887_r_at', '38138_at', '32650_at', '36148_at', '38484_at', '41430_at', '37406_at', '33426_at', '36924_r_at', '37478_at', '33157_at', '41289_at', '34265_at', '40808_at', '33377_at', '41325_at', '0', '1', '2', '3', '4', '5', '6', '7', '8', '9', '10', '11', '12', '13', '14', '15', '16', '17', '18', '19', '20', '21', '22', '23', '24', '0_rbf', '1_rbf', '2_rbf', '3_rbf', '4_rbf', '5_rbf', '6_rbf', '7_rbf', '8_rbf', '9_rbf', '10_rbf', '11_rbf', '12_rbf', '13_rbf', '14_rbf', '15_rbf', '16_rbf', '17_rbf', '18_rbf', '19_rbf', '20_rbf', '21_rbf', '22_rbf', '23_rbf', '24_rbf', 25, 26, 27, 28, 29, 30, 31, 32, 33, 34, 35, 36, 37, 38, 39, 40, 41, 42, 43, 44, 45, 46, 47, 48, 49, 50, 51, 52, 53, 54, 55, 56, 57, 58, 59, 60, 61, 62, 63, 64, 65, 66, 67, 68, 69, 70, 71, 72, 73, 74, 75, 76, 77, 78, 79, 80, 81, 82, 83, 84, 85, 86, 87, 88, 89, 90, 91, 92, 93, 94, 95, 96, 97, 98, 99, 100, 101, 102, 103, 104, 105, 106, 107, 108, 109, 110, 111, 112, 113, 114, 115, 116, 117, 118, 119, 120, 121, 122, 123, 124, 125, 126, 127, 128, 129, 130, 131, 132, 133, 134, 135, 136, 137, 138, 139, 140, 141, 142, 143, 144, 145, 146, 147, 148, 149, 150, 151, 152, 153, 154, 155, 156, 157, 158, 159, 160, 161, 162, 163, 164, 165, 166, 167, 168, 169, 170, 171, 172, 173, 174, 175, 176, 177, 178, 179, 180, 181]","[ 9.47161504  8.01970597 10.47307909 ...  0.94025716  8.13846594
  5.1235236 ]",Aug_f_classif,4,0.04296489991247654,ARFF_Lung,203,12600,StratifiedKFold n_splits = 10
MCC,0.7863570994927848,0.0004863823741674423,RandomForestClassifier,25,"['32252_at', '40272_at', '32321_at', '1814_at', '40165_at', '32254_at', '35778_at', '36160_s_at', '613_at', '38887_r_at', '38138_at', '32650_at', '36148_at', '38484_at', '41430_at', '37406_at', '33426_at', '36924_r_at', '37478_at', '33157_at', '41289_at', '34265_at', '40808_at', '33377_at', '41325_at', '0', '1', '2', '3', '4', '5', '6', '7', '8', '9', '10', '11', '12', '13', '14', '15', '16', '17', '18', '19', '20', '21', '22', '23', '24', '0_rbf', '1_rbf', '2_rbf', '3_rbf', '4_rbf', '5_rbf', '6_rbf', '7_rbf', '8_rbf', '9_rbf', '10_rbf', '11_rbf', '12_rbf', '13_rbf', '14_rbf', '15_rbf', '16_rbf', '17_rbf', '18_rbf', '19_rbf', '20_rbf', '21_rbf', '22_rbf', '23_rbf', '24_rbf', 25, 26, 27, 28, 29, 30, 31, 32, 33, 34, 35, 36, 37, 38, 39, 40, 41, 42, 43, 44, 45, 46, 47, 48, 49, 50, 51, 52, 53, 54, 55, 56, 57, 58, 59, 60, 61, 62, 63, 64, 65, 66, 67, 68, 69, 70, 71, 72, 73, 74, 75, 76, 77, 78, 79, 80, 81, 82, 83, 84, 85, 86, 87, 88, 89, 90, 91, 92, 93, 94, 95, 96, 97, 98, 99, 100, 101, 102, 103, 104, 105, 106, 107, 108, 109, 110, 111, 112, 113, 114, 115, 116, 117, 118, 119, 120, 121, 122, 123, 124, 125, 126, 127, 128, 129, 130, 131, 132, 133, 134, 135, 136, 137, 138, 139, 140, 141, 142, 143, 144, 145, 146, 147, 148, 149, 150, 151, 152, 153, 154, 155, 156, 157, 158, 159, 160, 161, 162, 163, 164, 165, 166, 167, 168, 169, 170, 171, 172, 173, 174, 175, 176, 177, 178, 179, 180, 181]","[ 9.47161504  8.01970597 10.47307909 ...  0.94025716  8.13846594
  5.1235236 ]",Aug_f_classif,4,0.04296489991247654,ARFF_Lung,203,12600,StratifiedKFold n_splits = 10
AUC,0.99375,0.0004863823741674423,RandomForestClassifier,25,"['32252_at', '40272_at', '32321_at', '1814_at', '40165_at', '32254_at', '35778_at', '36160_s_at', '613_at', '38887_r_at', '38138_at', '32650_at', '36148_at', '38484_at', '41430_at', '37406_at', '33426_at', '36924_r_at', '37478_at', '33157_at', '41289_at', '34265_at', '40808_at', '33377_at', '41325_at', '0', '1', '2', '3', '4', '5', '6', '7', '8', '9', '10', '11', '12', '13', '14', '15', '16', '17', '18', '19', '20', '21', '22', '23', '24', '0_rbf', '1_rbf', '2_rbf', '3_rbf', '4_rbf', '5_rbf', '6_rbf', '7_rbf', '8_rbf', '9_rbf', '10_rbf', '11_rbf', '12_rbf', '13_rbf', '14_rbf', '15_rbf', '16_rbf', '17_rbf', '18_rbf', '19_rbf', '20_rbf', '21_rbf', '22_rbf', '23_rbf', '24_rbf', 25, 26, 27, 28, 29, 30, 31, 32, 33, 34, 35, 36, 37, 38, 39, 40, 41, 42, 43, 44, 45, 46, 47, 48, 49, 50, 51, 52, 53, 54, 55, 56, 57, 58, 59, 60, 61, 62, 63, 64, 65, 66, 67, 68, 69, 70, 71, 72, 73, 74, 75, 76, 77, 78, 79, 80, 81, 82, 83, 84, 85, 86, 87, 88, 89, 90, 91, 92, 93, 94, 95, 96, 97, 98, 99, 100, 101, 102, 103, 104, 105, 106, 107, 108, 109, 110, 111, 112, 113, 114, 115, 116, 117, 118, 119, 120, 121, 122, 123, 124, 125, 126, 127, 128, 129, 130, 131, 132, 133, 134, 135, 136, 137, 138, 139, 140, 141, 142, 143, 144, 145, 146, 147, 148, 149, 150, 151, 152, 153, 154, 155, 156, 157, 158, 159, 160, 161, 162, 163, 164, 165, 166, 167, 168, 169, 170, 171, 172, 173, 174, 175, 176, 177, 178, 179, 180, 181]","[ 9.47161504  8.01970597 10.47307909 ...  0.94025716  8.13846594
  5.1235236 ]",Aug_f_classif,4,0.04296489991247654,ARFF_Lung,203,12600,StratifiedKFold n_splits = 10
PR-AUC,0.9768875620423609,0.0004863823741674423,RandomForestClassifier,25,"['32252_at', '40272_at', '32321_at', '1814_at', '40165_at', '32254_at', '35778_at', '36160_s_at', '613_at', '38887_r_at', '38138_at', '32650_at', '36148_at', '38484_at', '41430_at', '37406_at', '33426_at', '36924_r_at', '37478_at', '33157_at', '41289_at', '34265_at', '40808_at', '33377_at', '41325_at', '0', '1', '2', '3', '4', '5', '6', '7', '8', '9', '10', '11', '12', '13', '14', '15', '16', '17', '18', '19', '20', '21', '22', '23', '24', '0_rbf', '1_rbf', '2_rbf', '3_rbf', '4_rbf', '5_rbf', '6_rbf', '7_rbf', '8_rbf', '9_rbf', '10_rbf', '11_rbf', '12_rbf', '13_rbf', '14_rbf', '15_rbf', '16_rbf', '17_rbf', '18_rbf', '19_rbf', '20_rbf', '21_rbf', '22_rbf', '23_rbf', '24_rbf', 25, 26, 27, 28, 29, 30, 31, 32, 33, 34, 35, 36, 37, 38, 39, 40, 41, 42, 43, 44, 45, 46, 47, 48, 49, 50, 51, 52, 53, 54, 55, 56, 57, 58, 59, 60, 61, 62, 63, 64, 65, 66, 67, 68, 69, 70, 71, 72, 73, 74, 75, 76, 77, 78, 79, 80, 81, 82, 83, 84, 85, 86, 87, 88, 89, 90, 91, 92, 93, 94, 95, 96, 97, 98, 99, 100, 101, 102, 103, 104, 105, 106, 107, 108, 109, 110, 111, 112, 113, 114, 115, 116, 117, 118, 119, 120, 121, 122, 123, 124, 125, 126, 127, 128, 129, 130, 131, 132, 133, 134, 135, 136, 137, 138, 139, 140, 141, 142, 143, 144, 145, 146, 147, 148, 149, 150, 151, 152, 153, 154, 155, 156, 157, 158, 159, 160, 161, 162, 163, 164, 165, 166, 167, 168, 169, 170, 171, 172, 173, 174, 175, 176, 177, 178, 179, 180, 181]","[ 9.47161504  8.01970597 10.47307909 ...  0.94025716  8.13846594
  5.1235236 ]",Aug_f_classif,4,0.04296489991247654,ARFF_Lung,203,12600,StratifiedKFold n_splits = 10
accuracy,0.9,0.0005031317800283432,RandomForestClassifier,25,"['38886_i_at', '33703_f_at', '32648_at', '40649_at', '35669_at', '40607_at', '36160_s_at', '36148_at', '35778_at', '38138_at', '40165_at', '32254_at', '37406_at', '40808_at', '41430_at', '33377_at', '41325_at', '33426_at', '41289_at', '33157_at', '38887_r_at', '37478_at', '38484_at', '34265_at', '36924_r_at', '0', '1', '2', '3', '4', '5', '6', '7', '8', '9', '10', '11', '12', '13', '14', '15', '16', '17', '18', '19', '20', '21', '22', '23', '24', '0_rbf', '1_rbf', '2_rbf', '3_rbf', '4_rbf', '5_rbf', '6_rbf', '7_rbf', '8_rbf', '9_rbf', '10_rbf', '11_rbf', '12_rbf', '13_rbf', '14_rbf', '15_rbf', '16_rbf', '17_rbf', '18_rbf', '19_rbf', '20_rbf', '21_rbf', '22_rbf', '23_rbf', '24_rbf', 25, 26, 27, 28, 29, 30, 31, 32, 33, 34, 35, 36, 37, 38, 39, 40, 41, 42, 43, 44, 45, 46, 47, 48, 49, 50, 51, 52, 53, 54, 55, 56, 57, 58, 59, 60, 61, 62, 63, 64, 65, 66, 67, 68, 69, 70, 71, 72, 73, 74, 75, 76, 77, 78, 79, 80, 81, 82, 83, 84, 85, 86, 87, 88, 89, 90, 91, 92, 93, 94, 95, 96, 97, 98, 99, 100, 101, 102, 103, 104, 105, 106, 107, 108, 109, 110, 111, 112, 113, 114, 115, 116, 117, 118, 119, 120, 121, 122, 123, 124, 125, 126, 127, 128, 129, 130, 131, 132, 133, 134, 135, 136, 137, 138, 139, 140, 141, 142, 143, 144, 145, 146, 147, 148, 149, 150, 151, 152, 153, 154, 155, 156, 157, 158, 159, 160, 161, 162, 163, 164, 165, 166, 167, 168, 169, 170, 171, 172, 173, 174, 175, 176, 177, 178, 179, 180, 181]","[11.61233531  9.01825404 11.93539845 ...  0.59149229  8.99999334
  4.28655155]",Aug_f_classif,5,0.04819629341363907,ARFF_Lung,203,12600,StratifiedKFold n_splits = 10
MCC,0.7921180343813395,0.0005031317800283432,RandomForestClassifier,25,"['38886_i_at', '33703_f_at', '32648_at', '40649_at', '35669_at', '40607_at', '36160_s_at', '36148_at', '35778_at', '38138_at', '40165_at', '32254_at', '37406_at', '40808_at', '41430_at', '33377_at', '41325_at', '33426_at', '41289_at', '33157_at', '38887_r_at', '37478_at', '38484_at', '34265_at', '36924_r_at', '0', '1', '2', '3', '4', '5', '6', '7', '8', '9', '10', '11', '12', '13', '14', '15', '16', '17', '18', '19', '20', '21', '22', '23', '24', '0_rbf', '1_rbf', '2_rbf', '3_rbf', '4_rbf', '5_rbf', '6_rbf', '7_rbf', '8_rbf', '9_rbf', '10_rbf', '11_rbf', '12_rbf', '13_rbf', '14_rbf', '15_rbf', '16_rbf', '17_rbf', '18_rbf', '19_rbf', '20_rbf', '21_rbf', '22_rbf', '23_rbf', '24_rbf', 25, 26, 27, 28, 29, 30, 31, 32, 33, 34, 35, 36, 37, 38, 39, 40, 41, 42, 43, 44, 45, 46, 47, 48, 49, 50, 51, 52, 53, 54, 55, 56, 57, 58, 59, 60, 61, 62, 63, 64, 65, 66, 67, 68, 69, 70, 71, 72, 73, 74, 75, 76, 77, 78, 79, 80, 81, 82, 83, 84, 85, 86, 87, 88, 89, 90, 91, 92, 93, 94, 95, 96, 97, 98, 99, 100, 101, 102, 103, 104, 105, 106, 107, 108, 109, 110, 111, 112, 113, 114, 115, 116, 117, 118, 119, 120, 121, 122, 123, 124, 125, 126, 127, 128, 129, 130, 131, 132, 133, 134, 135, 136, 137, 138, 139, 140, 141, 142, 143, 144, 145, 146, 147, 148, 149, 150, 151, 152, 153, 154, 155, 156, 157, 158, 159, 160, 161, 162, 163, 164, 165, 166, 167, 168, 169, 170, 171, 172, 173, 174, 175, 176, 177, 178, 179, 180, 181]","[11.61233531  9.01825404 11.93539845 ...  0.59149229  8.99999334
  4.28655155]",Aug_f_classif,5,0.04819629341363907,ARFF_Lung,203,12600,StratifiedKFold n_splits = 10
AUC,0.9909375,0.0005031317800283432,RandomForestClassifier,25,"['38886_i_at', '33703_f_at', '32648_at', '40649_at', '35669_at', '40607_at', '36160_s_at', '36148_at', '35778_at', '38138_at', '40165_at', '32254_at', '37406_at', '40808_at', '41430_at', '33377_at', '41325_at', '33426_at', '41289_at', '33157_at', '38887_r_at', '37478_at', '38484_at', '34265_at', '36924_r_at', '0', '1', '2', '3', '4', '5', '6', '7', '8', '9', '10', '11', '12', '13', '14', '15', '16', '17', '18', '19', '20', '21', '22', '23', '24', '0_rbf', '1_rbf', '2_rbf', '3_rbf', '4_rbf', '5_rbf', '6_rbf', '7_rbf', '8_rbf', '9_rbf', '10_rbf', '11_rbf', '12_rbf', '13_rbf', '14_rbf', '15_rbf', '16_rbf', '17_rbf', '18_rbf', '19_rbf', '20_rbf', '21_rbf', '22_rbf', '23_rbf', '24_rbf', 25, 26, 27, 28, 29, 30, 31, 32, 33, 34, 35, 36, 37, 38, 39, 40, 41, 42, 43, 44, 45, 46, 47, 48, 49, 50, 51, 52, 53, 54, 55, 56, 57, 58, 59, 60, 61, 62, 63, 64, 65, 66, 67, 68, 69, 70, 71, 72, 73, 74, 75, 76, 77, 78, 79, 80, 81, 82, 83, 84, 85, 86, 87, 88, 89, 90, 91, 92, 93, 94, 95, 96, 97, 98, 99, 100, 101, 102, 103, 104, 105, 106, 107, 108, 109, 110, 111, 112, 113, 114, 115, 116, 117, 118, 119, 120, 121, 122, 123, 124, 125, 126, 127, 128, 129, 130, 131, 132, 133, 134, 135, 136, 137, 138, 139, 140, 141, 142, 143, 144, 145, 146, 147, 148, 149, 150, 151, 152, 153, 154, 155, 156, 157, 158, 159, 160, 161, 162, 163, 164, 165, 166, 167, 168, 169, 170, 171, 172, 173, 174, 175, 176, 177, 178, 179, 180, 181]","[11.61233531  9.01825404 11.93539845 ...  0.59149229  8.99999334
  4.28655155]",Aug_f_classif,5,0.04819629341363907,ARFF_Lung,203,12600,StratifiedKFold n_splits = 10
PR-AUC,0.9662897132537225,0.0005031317800283432,RandomForestClassifier,25,"['38886_i_at', '33703_f_at', '32648_at', '40649_at', '35669_at', '40607_at', '36160_s_at', '36148_at', '35778_at', '38138_at', '40165_at', '32254_at', '37406_at', '40808_at', '41430_at', '33377_at', '41325_at', '33426_at', '41289_at', '33157_at', '38887_r_at', '37478_at', '38484_at', '34265_at', '36924_r_at', '0', '1', '2', '3', '4', '5', '6', '7', '8', '9', '10', '11', '12', '13', '14', '15', '16', '17', '18', '19', '20', '21', '22', '23', '24', '0_rbf', '1_rbf', '2_rbf', '3_rbf', '4_rbf', '5_rbf', '6_rbf', '7_rbf', '8_rbf', '9_rbf', '10_rbf', '11_rbf', '12_rbf', '13_rbf', '14_rbf', '15_rbf', '16_rbf', '17_rbf', '18_rbf', '19_rbf', '20_rbf', '21_rbf', '22_rbf', '23_rbf', '24_rbf', 25, 26, 27, 28, 29, 30, 31, 32, 33, 34, 35, 36, 37, 38, 39, 40, 41, 42, 43, 44, 45, 46, 47, 48, 49, 50, 51, 52, 53, 54, 55, 56, 57, 58, 59, 60, 61, 62, 63, 64, 65, 66, 67, 68, 69, 70, 71, 72, 73, 74, 75, 76, 77, 78, 79, 80, 81, 82, 83, 84, 85, 86, 87, 88, 89, 90, 91, 92, 93, 94, 95, 96, 97, 98, 99, 100, 101, 102, 103, 104, 105, 106, 107, 108, 109, 110, 111, 112, 113, 114, 115, 116, 117, 118, 119, 120, 121, 122, 123, 124, 125, 126, 127, 128, 129, 130, 131, 132, 133, 134, 135, 136, 137, 138, 139, 140, 141, 142, 143, 144, 145, 146, 147, 148, 149, 150, 151, 152, 153, 154, 155, 156, 157, 158, 159, 160, 161, 162, 163, 164, 165, 166, 167, 168, 169, 170, 171, 172, 173, 174, 175, 176, 177, 178, 179, 180, 181]","[11.61233531  9.01825404 11.93539845 ...  0.59149229  8.99999334
  4.28655155]",Aug_f_classif,5,0.04819629341363907,ARFF_Lung,203,12600,StratifiedKFold n_splits = 10
accuracy,0.9,0.0004831427961587906,RandomForestClassifier,25,"['40649_at', '35669_at', '36750_at', '32650_at', '1814_at', '38138_at', '36160_s_at', '41325_at', '38887_r_at', '33426_at', '613_at', '36148_at', '33377_at', '41289_at', '36924_r_at', '40808_at', '41430_at', '34265_at', '35778_at', '33157_at', '38484_at', '37406_at', '35531_at', '37478_at', '32254_at', '0', '1', '2', '3', '4', '5', '6', '7', '8', '9', '10', '11', '12', '13', '14', '15', '16', '17', '18', '19', '20', '21', '22', '23', '24', '0_rbf', '1_rbf', '2_rbf', '3_rbf', '4_rbf', '5_rbf', '6_rbf', '7_rbf', '8_rbf', '9_rbf', '10_rbf', '11_rbf', '12_rbf', '13_rbf', '14_rbf', '15_rbf', '16_rbf', '17_rbf', '18_rbf', '19_rbf', '20_rbf', '21_rbf', '22_rbf', '23_rbf', '24_rbf', 25, 26, 27, 28, 29, 30, 31, 32, 33, 34, 35, 36, 37, 38, 39, 40, 41, 42, 43, 44, 45, 46, 47, 48, 49, 50, 51, 52, 53, 54, 55, 56, 57, 58, 59, 60, 61, 62, 63, 64, 65, 66, 67, 68, 69, 70, 71, 72, 73, 74, 75, 76, 77, 78, 79, 80, 81, 82, 83, 84, 85, 86, 87, 88, 89, 90, 91, 92, 93, 94, 95, 96, 97, 98, 99, 100, 101, 102, 103, 104, 105, 106, 107, 108, 109, 110, 111, 112, 113, 114, 115, 116, 117, 118, 119, 120, 121, 122, 123, 124, 125, 126, 127, 128, 129, 130, 131, 132, 133, 134, 135, 136, 137, 138, 139, 140, 141, 142, 143, 144, 145, 146, 147, 148, 149, 150, 151, 152, 153, 154, 155, 156, 157, 158, 159, 160, 161, 162, 163, 164, 165, 166, 167, 168, 169, 170, 171, 172, 173, 174, 175, 176, 177, 178, 179, 180, 181]","[ 8.83472449  8.32772128 10.26360217 ...  0.57797024  8.62619337
  3.97753528]",Aug_f_classif,6,0.04884901084005833,ARFF_Lung,203,12600,StratifiedKFold n_splits = 10
MCC,0.7916666666666666,0.0004831427961587906,RandomForestClassifier,25,"['40649_at', '35669_at', '36750_at', '32650_at', '1814_at', '38138_at', '36160_s_at', '41325_at', '38887_r_at', '33426_at', '613_at', '36148_at', '33377_at', '41289_at', '36924_r_at', '40808_at', '41430_at', '34265_at', '35778_at', '33157_at', '38484_at', '37406_at', '35531_at', '37478_at', '32254_at', '0', '1', '2', '3', '4', '5', '6', '7', '8', '9', '10', '11', '12', '13', '14', '15', '16', '17', '18', '19', '20', '21', '22', '23', '24', '0_rbf', '1_rbf', '2_rbf', '3_rbf', '4_rbf', '5_rbf', '6_rbf', '7_rbf', '8_rbf', '9_rbf', '10_rbf', '11_rbf', '12_rbf', '13_rbf', '14_rbf', '15_rbf', '16_rbf', '17_rbf', '18_rbf', '19_rbf', '20_rbf', '21_rbf', '22_rbf', '23_rbf', '24_rbf', 25, 26, 27, 28, 29, 30, 31, 32, 33, 34, 35, 36, 37, 38, 39, 40, 41, 42, 43, 44, 45, 46, 47, 48, 49, 50, 51, 52, 53, 54, 55, 56, 57, 58, 59, 60, 61, 62, 63, 64, 65, 66, 67, 68, 69, 70, 71, 72, 73, 74, 75, 76, 77, 78, 79, 80, 81, 82, 83, 84, 85, 86, 87, 88, 89, 90, 91, 92, 93, 94, 95, 96, 97, 98, 99, 100, 101, 102, 103, 104, 105, 106, 107, 108, 109, 110, 111, 112, 113, 114, 115, 116, 117, 118, 119, 120, 121, 122, 123, 124, 125, 126, 127, 128, 129, 130, 131, 132, 133, 134, 135, 136, 137, 138, 139, 140, 141, 142, 143, 144, 145, 146, 147, 148, 149, 150, 151, 152, 153, 154, 155, 156, 157, 158, 159, 160, 161, 162, 163, 164, 165, 166, 167, 168, 169, 170, 171, 172, 173, 174, 175, 176, 177, 178, 179, 180, 181]","[ 8.83472449  8.32772128 10.26360217 ...  0.57797024  8.62619337
  3.97753528]",Aug_f_classif,6,0.04884901084005833,ARFF_Lung,203,12600,StratifiedKFold n_splits = 10
AUC,0.993125,0.0004831427961587906,RandomForestClassifier,25,"['40649_at', '35669_at', '36750_at', '32650_at', '1814_at', '38138_at', '36160_s_at', '41325_at', '38887_r_at', '33426_at', '613_at', '36148_at', '33377_at', '41289_at', '36924_r_at', '40808_at', '41430_at', '34265_at', '35778_at', '33157_at', '38484_at', '37406_at', '35531_at', '37478_at', '32254_at', '0', '1', '2', '3', '4', '5', '6', '7', '8', '9', '10', '11', '12', '13', '14', '15', '16', '17', '18', '19', '20', '21', '22', '23', '24', '0_rbf', '1_rbf', '2_rbf', '3_rbf', '4_rbf', '5_rbf', '6_rbf', '7_rbf', '8_rbf', '9_rbf', '10_rbf', '11_rbf', '12_rbf', '13_rbf', '14_rbf', '15_rbf', '16_rbf', '17_rbf', '18_rbf', '19_rbf', '20_rbf', '21_rbf', '22_rbf', '23_rbf', '24_rbf', 25, 26, 27, 28, 29, 30, 31, 32, 33, 34, 35, 36, 37, 38, 39, 40, 41, 42, 43, 44, 45, 46, 47, 48, 49, 50, 51, 52, 53, 54, 55, 56, 57, 58, 59, 60, 61, 62, 63, 64, 65, 66, 67, 68, 69, 70, 71, 72, 73, 74, 75, 76, 77, 78, 79, 80, 81, 82, 83, 84, 85, 86, 87, 88, 89, 90, 91, 92, 93, 94, 95, 96, 97, 98, 99, 100, 101, 102, 103, 104, 105, 106, 107, 108, 109, 110, 111, 112, 113, 114, 115, 116, 117, 118, 119, 120, 121, 122, 123, 124, 125, 126, 127, 128, 129, 130, 131, 132, 133, 134, 135, 136, 137, 138, 139, 140, 141, 142, 143, 144, 145, 146, 147, 148, 149, 150, 151, 152, 153, 154, 155, 156, 157, 158, 159, 160, 161, 162, 163, 164, 165, 166, 167, 168, 169, 170, 171, 172, 173, 174, 175, 176, 177, 178, 179, 180, 181]","[ 8.83472449  8.32772128 10.26360217 ...  0.57797024  8.62619337
  3.97753528]",Aug_f_classif,6,0.04884901084005833,ARFF_Lung,203,12600,StratifiedKFold n_splits = 10
PR-AUC,0.9745505067015365,0.0004831427961587906,RandomForestClassifier,25,"['40649_at', '35669_at', '36750_at', '32650_at', '1814_at', '38138_at', '36160_s_at', '41325_at', '38887_r_at', '33426_at', '613_at', '36148_at', '33377_at', '41289_at', '36924_r_at', '40808_at', '41430_at', '34265_at', '35778_at', '33157_at', '38484_at', '37406_at', '35531_at', '37478_at', '32254_at', '0', '1', '2', '3', '4', '5', '6', '7', '8', '9', '10', '11', '12', '13', '14', '15', '16', '17', '18', '19', '20', '21', '22', '23', '24', '0_rbf', '1_rbf', '2_rbf', '3_rbf', '4_rbf', '5_rbf', '6_rbf', '7_rbf', '8_rbf', '9_rbf', '10_rbf', '11_rbf', '12_rbf', '13_rbf', '14_rbf', '15_rbf', '16_rbf', '17_rbf', '18_rbf', '19_rbf', '20_rbf', '21_rbf', '22_rbf', '23_rbf', '24_rbf', 25, 26, 27, 28, 29, 30, 31, 32, 33, 34, 35, 36, 37, 38, 39, 40, 41, 42, 43, 44, 45, 46, 47, 48, 49, 50, 51, 52, 53, 54, 55, 56, 57, 58, 59, 60, 61, 62, 63, 64, 65, 66, 67, 68, 69, 70, 71, 72, 73, 74, 75, 76, 77, 78, 79, 80, 81, 82, 83, 84, 85, 86, 87, 88, 89, 90, 91, 92, 93, 94, 95, 96, 97, 98, 99, 100, 101, 102, 103, 104, 105, 106, 107, 108, 109, 110, 111, 112, 113, 114, 115, 116, 117, 118, 119, 120, 121, 122, 123, 124, 125, 126, 127, 128, 129, 130, 131, 132, 133, 134, 135, 136, 137, 138, 139, 140, 141, 142, 143, 144, 145, 146, 147, 148, 149, 150, 151, 152, 153, 154, 155, 156, 157, 158, 159, 160, 161, 162, 163, 164, 165, 166, 167, 168, 169, 170, 171, 172, 173, 174, 175, 176, 177, 178, 179, 180, 181]","[ 8.83472449  8.32772128 10.26360217 ...  0.57797024  8.62619337
  3.97753528]",Aug_f_classif,6,0.04884901084005833,ARFF_Lung,203,12600,StratifiedKFold n_splits = 10
accuracy,0.95,0.0004955537855625152,RandomForestClassifier,25,"['1814_at', '613_at', '35669_at', '40165_at', '38711_at', '39266_at', '35778_at', '36160_s_at', '32254_at', '41430_at', '41289_at', '36148_at', '38138_at', '36750_at', '38887_r_at', '33157_at', '38484_at', '37406_at', '41325_at', '37478_at', '33426_at', '33377_at', '36924_r_at', '40808_at', '34265_at', '0', '1', '2', '3', '4', '5', '6', '7', '8', '9', '10', '11', '12', '13', '14', '15', '16', '17', '18', '19', '20', '21', '22', '23', '24', '0_rbf', '1_rbf', '2_rbf', '3_rbf', '4_rbf', '5_rbf', '6_rbf', '7_rbf', '8_rbf', '9_rbf', '10_rbf', '11_rbf', '12_rbf', '13_rbf', '14_rbf', '15_rbf', '16_rbf', '17_rbf', '18_rbf', '19_rbf', '20_rbf', '21_rbf', '22_rbf', '23_rbf', '24_rbf', 25, 26, 27, 28, 29, 30, 31, 32, 33, 34, 35, 36, 37, 38, 39, 40, 41, 42, 43, 44, 45, 46, 47, 48, 49, 50, 51, 52, 53, 54, 55, 56, 57, 58, 59, 60, 61, 62, 63, 64, 65, 66, 67, 68, 69, 70, 71, 72, 73, 74, 75, 76, 77, 78, 79, 80, 81, 82, 83, 84, 85, 86, 87, 88, 89, 90, 91, 92, 93, 94, 95, 96, 97, 98, 99, 100, 101, 102, 103, 104, 105, 106, 107, 108, 109, 110, 111, 112, 113, 114, 115, 116, 117, 118, 119, 120, 121, 122, 123, 124, 125, 126, 127, 128, 129, 130, 131, 132, 133, 134, 135, 136, 137, 138, 139, 140, 141, 142, 143, 144, 145, 146, 147, 148, 149, 150, 151, 152, 153, 154, 155, 156, 157, 158, 159, 160, 161, 162, 163, 164, 165, 166, 167, 168, 169, 170, 171, 172, 173, 174, 175, 176, 177, 178, 179, 180, 181]","[10.29642483  9.35244466 11.88440177 ...  1.21634053  8.3746487
  5.05936835]",Aug_f_classif,7,0.048440227285027504,ARFF_Lung,203,12600,StratifiedKFold n_splits = 10
MCC,0.8973451269593887,0.0004955537855625152,RandomForestClassifier,25,"['1814_at', '613_at', '35669_at', '40165_at', '38711_at', '39266_at', '35778_at', '36160_s_at', '32254_at', '41430_at', '41289_at', '36148_at', '38138_at', '36750_at', '38887_r_at', '33157_at', '38484_at', '37406_at', '41325_at', '37478_at', '33426_at', '33377_at', '36924_r_at', '40808_at', '34265_at', '0', '1', '2', '3', '4', '5', '6', '7', '8', '9', '10', '11', '12', '13', '14', '15', '16', '17', '18', '19', '20', '21', '22', '23', '24', '0_rbf', '1_rbf', '2_rbf', '3_rbf', '4_rbf', '5_rbf', '6_rbf', '7_rbf', '8_rbf', '9_rbf', '10_rbf', '11_rbf', '12_rbf', '13_rbf', '14_rbf', '15_rbf', '16_rbf', '17_rbf', '18_rbf', '19_rbf', '20_rbf', '21_rbf', '22_rbf', '23_rbf', '24_rbf', 25, 26, 27, 28, 29, 30, 31, 32, 33, 34, 35, 36, 37, 38, 39, 40, 41, 42, 43, 44, 45, 46, 47, 48, 49, 50, 51, 52, 53, 54, 55, 56, 57, 58, 59, 60, 61, 62, 63, 64, 65, 66, 67, 68, 69, 70, 71, 72, 73, 74, 75, 76, 77, 78, 79, 80, 81, 82, 83, 84, 85, 86, 87, 88, 89, 90, 91, 92, 93, 94, 95, 96, 97, 98, 99, 100, 101, 102, 103, 104, 105, 106, 107, 108, 109, 110, 111, 112, 113, 114, 115, 116, 117, 118, 119, 120, 121, 122, 123, 124, 125, 126, 127, 128, 129, 130, 131, 132, 133, 134, 135, 136, 137, 138, 139, 140, 141, 142, 143, 144, 145, 146, 147, 148, 149, 150, 151, 152, 153, 154, 155, 156, 157, 158, 159, 160, 161, 162, 163, 164, 165, 166, 167, 168, 169, 170, 171, 172, 173, 174, 175, 176, 177, 178, 179, 180, 181]","[10.29642483  9.35244466 11.88440177 ...  1.21634053  8.3746487
  5.05936835]",Aug_f_classif,7,0.048440227285027504,ARFF_Lung,203,12600,StratifiedKFold n_splits = 10
AUC,0.9959374999999999,0.0004955537855625152,RandomForestClassifier,25,"['1814_at', '613_at', '35669_at', '40165_at', '38711_at', '39266_at', '35778_at', '36160_s_at', '32254_at', '41430_at', '41289_at', '36148_at', '38138_at', '36750_at', '38887_r_at', '33157_at', '38484_at', '37406_at', '41325_at', '37478_at', '33426_at', '33377_at', '36924_r_at', '40808_at', '34265_at', '0', '1', '2', '3', '4', '5', '6', '7', '8', '9', '10', '11', '12', '13', '14', '15', '16', '17', '18', '19', '20', '21', '22', '23', '24', '0_rbf', '1_rbf', '2_rbf', '3_rbf', '4_rbf', '5_rbf', '6_rbf', '7_rbf', '8_rbf', '9_rbf', '10_rbf', '11_rbf', '12_rbf', '13_rbf', '14_rbf', '15_rbf', '16_rbf', '17_rbf', '18_rbf', '19_rbf', '20_rbf', '21_rbf', '22_rbf', '23_rbf', '24_rbf', 25, 26, 27, 28, 29, 30, 31, 32, 33, 34, 35, 36, 37, 38, 39, 40, 41, 42, 43, 44, 45, 46, 47, 48, 49, 50, 51, 52, 53, 54, 55, 56, 57, 58, 59, 60, 61, 62, 63, 64, 65, 66, 67, 68, 69, 70, 71, 72, 73, 74, 75, 76, 77, 78, 79, 80, 81, 82, 83, 84, 85, 86, 87, 88, 89, 90, 91, 92, 93, 94, 95, 96, 97, 98, 99, 100, 101, 102, 103, 104, 105, 106, 107, 108, 109, 110, 111, 112, 113, 114, 115, 116, 117, 118, 119, 120, 121, 122, 123, 124, 125, 126, 127, 128, 129, 130, 131, 132, 133, 134, 135, 136, 137, 138, 139, 140, 141, 142, 143, 144, 145, 146, 147, 148, 149, 150, 151, 152, 153, 154, 155, 156, 157, 158, 159, 160, 161, 162, 163, 164, 165, 166, 167, 168, 169, 170, 171, 172, 173, 174, 175, 176, 177, 178, 179, 180, 181]","[10.29642483  9.35244466 11.88440177 ...  1.21634053  8.3746487
  5.05936835]",Aug_f_classif,7,0.048440227285027504,ARFF_Lung,203,12600,StratifiedKFold n_splits = 10
PR-AUC,0.9848684210526317,0.0004955537855625152,RandomForestClassifier,25,"['1814_at', '613_at', '35669_at', '40165_at', '38711_at', '39266_at', '35778_at', '36160_s_at', '32254_at', '41430_at', '41289_at', '36148_at', '38138_at', '36750_at', '38887_r_at', '33157_at', '38484_at', '37406_at', '41325_at', '37478_at', '33426_at', '33377_at', '36924_r_at', '40808_at', '34265_at', '0', '1', '2', '3', '4', '5', '6', '7', '8', '9', '10', '11', '12', '13', '14', '15', '16', '17', '18', '19', '20', '21', '22', '23', '24', '0_rbf', '1_rbf', '2_rbf', '3_rbf', '4_rbf', '5_rbf', '6_rbf', '7_rbf', '8_rbf', '9_rbf', '10_rbf', '11_rbf', '12_rbf', '13_rbf', '14_rbf', '15_rbf', '16_rbf', '17_rbf', '18_rbf', '19_rbf', '20_rbf', '21_rbf', '22_rbf', '23_rbf', '24_rbf', 25, 26, 27, 28, 29, 30, 31, 32, 33, 34, 35, 36, 37, 38, 39, 40, 41, 42, 43, 44, 45, 46, 47, 48, 49, 50, 51, 52, 53, 54, 55, 56, 57, 58, 59, 60, 61, 62, 63, 64, 65, 66, 67, 68, 69, 70, 71, 72, 73, 74, 75, 76, 77, 78, 79, 80, 81, 82, 83, 84, 85, 86, 87, 88, 89, 90, 91, 92, 93, 94, 95, 96, 97, 98, 99, 100, 101, 102, 103, 104, 105, 106, 107, 108, 109, 110, 111, 112, 113, 114, 115, 116, 117, 118, 119, 120, 121, 122, 123, 124, 125, 126, 127, 128, 129, 130, 131, 132, 133, 134, 135, 136, 137, 138, 139, 140, 141, 142, 143, 144, 145, 146, 147, 148, 149, 150, 151, 152, 153, 154, 155, 156, 157, 158, 159, 160, 161, 162, 163, 164, 165, 166, 167, 168, 169, 170, 171, 172, 173, 174, 175, 176, 177, 178, 179, 180, 181]","[10.29642483  9.35244466 11.88440177 ...  1.21634053  8.3746487
  5.05936835]",Aug_f_classif,7,0.048440227285027504,ARFF_Lung,203,12600,StratifiedKFold n_splits = 10
accuracy,0.95,0.0004976914733648301,RandomForestClassifier,25,"['38685_at', '36750_at', '32648_at', '38138_at', '32252_at', '40649_at', '40165_at', '35778_at', '37478_at', '36148_at', '41325_at', '41289_at', '36160_s_at', '41430_at', '38484_at', '35531_at', '33426_at', '33377_at', '38887_r_at', '36924_r_at', '34265_at', '37406_at', '40808_at', '33157_at', '613_at', '0', '1', '2', '3', '4', '5', '6', '7', '8', '9', '10', '11', '12', '13', '14', '15', '16', '17', '18', '19', '20', '21', '22', '23', '24', '0_rbf', '1_rbf', '2_rbf', '3_rbf', '4_rbf', '5_rbf', '6_rbf', '7_rbf', '8_rbf', '9_rbf', '10_rbf', '11_rbf', '12_rbf', '13_rbf', '14_rbf', '15_rbf', '16_rbf', '17_rbf', '18_rbf', '19_rbf', '20_rbf', '21_rbf', '22_rbf', '23_rbf', '24_rbf', 25, 26, 27, 28, 29, 30, 31, 32, 33, 34, 35, 36, 37, 38, 39, 40, 41, 42, 43, 44, 45, 46, 47, 48, 49, 50, 51, 52, 53, 54, 55, 56, 57, 58, 59, 60, 61, 62, 63, 64, 65, 66, 67, 68, 69, 70, 71, 72, 73, 74, 75, 76, 77, 78, 79, 80, 81, 82, 83, 84, 85, 86, 87, 88, 89, 90, 91, 92, 93, 94, 95, 96, 97, 98, 99, 100, 101, 102, 103, 104, 105, 106, 107, 108, 109, 110, 111, 112, 113, 114, 115, 116, 117, 118, 119, 120, 121, 122, 123, 124, 125, 126, 127, 128, 129, 130, 131, 132, 133, 134, 135, 136, 137, 138, 139, 140, 141, 142, 143, 144, 145, 146, 147, 148, 149, 150, 151, 152, 153, 154, 155, 156, 157, 158, 159, 160, 161, 162, 163, 164, 165, 166, 167, 168, 169, 170, 171, 172, 173, 174, 175, 176, 177, 178, 179, 180, 181]","[10.14112854  8.09058128 10.90123822 ...  1.24130641  7.13347227
  4.73719691]",Aug_f_classif,8,0.047324163839221,ARFF_Lung,203,12600,StratifiedKFold n_splits = 10
MCC,0.9093111046018502,0.0004976914733648301,RandomForestClassifier,25,"['38685_at', '36750_at', '32648_at', '38138_at', '32252_at', '40649_at', '40165_at', '35778_at', '37478_at', '36148_at', '41325_at', '41289_at', '36160_s_at', '41430_at', '38484_at', '35531_at', '33426_at', '33377_at', '38887_r_at', '36924_r_at', '34265_at', '37406_at', '40808_at', '33157_at', '613_at', '0', '1', '2', '3', '4', '5', '6', '7', '8', '9', '10', '11', '12', '13', '14', '15', '16', '17', '18', '19', '20', '21', '22', '23', '24', '0_rbf', '1_rbf', '2_rbf', '3_rbf', '4_rbf', '5_rbf', '6_rbf', '7_rbf', '8_rbf', '9_rbf', '10_rbf', '11_rbf', '12_rbf', '13_rbf', '14_rbf', '15_rbf', '16_rbf', '17_rbf', '18_rbf', '19_rbf', '20_rbf', '21_rbf', '22_rbf', '23_rbf', '24_rbf', 25, 26, 27, 28, 29, 30, 31, 32, 33, 34, 35, 36, 37, 38, 39, 40, 41, 42, 43, 44, 45, 46, 47, 48, 49, 50, 51, 52, 53, 54, 55, 56, 57, 58, 59, 60, 61, 62, 63, 64, 65, 66, 67, 68, 69, 70, 71, 72, 73, 74, 75, 76, 77, 78, 79, 80, 81, 82, 83, 84, 85, 86, 87, 88, 89, 90, 91, 92, 93, 94, 95, 96, 97, 98, 99, 100, 101, 102, 103, 104, 105, 106, 107, 108, 109, 110, 111, 112, 113, 114, 115, 116, 117, 118, 119, 120, 121, 122, 123, 124, 125, 126, 127, 128, 129, 130, 131, 132, 133, 134, 135, 136, 137, 138, 139, 140, 141, 142, 143, 144, 145, 146, 147, 148, 149, 150, 151, 152, 153, 154, 155, 156, 157, 158, 159, 160, 161, 162, 163, 164, 165, 166, 167, 168, 169, 170, 171, 172, 173, 174, 175, 176, 177, 178, 179, 180, 181]","[10.14112854  8.09058128 10.90123822 ...  1.24130641  7.13347227
  4.73719691]",Aug_f_classif,8,0.047324163839221,ARFF_Lung,203,12600,StratifiedKFold n_splits = 10
AUC,0.9978125,0.0004976914733648301,RandomForestClassifier,25,"['38685_at', '36750_at', '32648_at', '38138_at', '32252_at', '40649_at', '40165_at', '35778_at', '37478_at', '36148_at', '41325_at', '41289_at', '36160_s_at', '41430_at', '38484_at', '35531_at', '33426_at', '33377_at', '38887_r_at', '36924_r_at', '34265_at', '37406_at', '40808_at', '33157_at', '613_at', '0', '1', '2', '3', '4', '5', '6', '7', '8', '9', '10', '11', '12', '13', '14', '15', '16', '17', '18', '19', '20', '21', '22', '23', '24', '0_rbf', '1_rbf', '2_rbf', '3_rbf', '4_rbf', '5_rbf', '6_rbf', '7_rbf', '8_rbf', '9_rbf', '10_rbf', '11_rbf', '12_rbf', '13_rbf', '14_rbf', '15_rbf', '16_rbf', '17_rbf', '18_rbf', '19_rbf', '20_rbf', '21_rbf', '22_rbf', '23_rbf', '24_rbf', 25, 26, 27, 28, 29, 30, 31, 32, 33, 34, 35, 36, 37, 38, 39, 40, 41, 42, 43, 44, 45, 46, 47, 48, 49, 50, 51, 52, 53, 54, 55, 56, 57, 58, 59, 60, 61, 62, 63, 64, 65, 66, 67, 68, 69, 70, 71, 72, 73, 74, 75, 76, 77, 78, 79, 80, 81, 82, 83, 84, 85, 86, 87, 88, 89, 90, 91, 92, 93, 94, 95, 96, 97, 98, 99, 100, 101, 102, 103, 104, 105, 106, 107, 108, 109, 110, 111, 112, 113, 114, 115, 116, 117, 118, 119, 120, 121, 122, 123, 124, 125, 126, 127, 128, 129, 130, 131, 132, 133, 134, 135, 136, 137, 138, 139, 140, 141, 142, 143, 144, 145, 146, 147, 148, 149, 150, 151, 152, 153, 154, 155, 156, 157, 158, 159, 160, 161, 162, 163, 164, 165, 166, 167, 168, 169, 170, 171, 172, 173, 174, 175, 176, 177, 178, 179, 180, 181]","[10.14112854  8.09058128 10.90123822 ...  1.24130641  7.13347227
  4.73719691]",Aug_f_classif,8,0.047324163839221,ARFF_Lung,203,12600,StratifiedKFold n_splits = 10
PR-AUC,0.9916666666666667,0.0004976914733648301,RandomForestClassifier,25,"['38685_at', '36750_at', '32648_at', '38138_at', '32252_at', '40649_at', '40165_at', '35778_at', '37478_at', '36148_at', '41325_at', '41289_at', '36160_s_at', '41430_at', '38484_at', '35531_at', '33426_at', '33377_at', '38887_r_at', '36924_r_at', '34265_at', '37406_at', '40808_at', '33157_at', '613_at', '0', '1', '2', '3', '4', '5', '6', '7', '8', '9', '10', '11', '12', '13', '14', '15', '16', '17', '18', '19', '20', '21', '22', '23', '24', '0_rbf', '1_rbf', '2_rbf', '3_rbf', '4_rbf', '5_rbf', '6_rbf', '7_rbf', '8_rbf', '9_rbf', '10_rbf', '11_rbf', '12_rbf', '13_rbf', '14_rbf', '15_rbf', '16_rbf', '17_rbf', '18_rbf', '19_rbf', '20_rbf', '21_rbf', '22_rbf', '23_rbf', '24_rbf', 25, 26, 27, 28, 29, 30, 31, 32, 33, 34, 35, 36, 37, 38, 39, 40, 41, 42, 43, 44, 45, 46, 47, 48, 49, 50, 51, 52, 53, 54, 55, 56, 57, 58, 59, 60, 61, 62, 63, 64, 65, 66, 67, 68, 69, 70, 71, 72, 73, 74, 75, 76, 77, 78, 79, 80, 81, 82, 83, 84, 85, 86, 87, 88, 89, 90, 91, 92, 93, 94, 95, 96, 97, 98, 99, 100, 101, 102, 103, 104, 105, 106, 107, 108, 109, 110, 111, 112, 113, 114, 115, 116, 117, 118, 119, 120, 121, 122, 123, 124, 125, 126, 127, 128, 129, 130, 131, 132, 133, 134, 135, 136, 137, 138, 139, 140, 141, 142, 143, 144, 145, 146, 147, 148, 149, 150, 151, 152, 153, 154, 155, 156, 157, 158, 159, 160, 161, 162, 163, 164, 165, 166, 167, 168, 169, 170, 171, 172, 173, 174, 175, 176, 177, 178, 179, 180, 181]","[10.14112854  8.09058128 10.90123822 ...  1.24130641  7.13347227
  4.73719691]",Aug_f_classif,8,0.047324163839221,ARFF_Lung,203,12600,StratifiedKFold n_splits = 10
accuracy,0.9,0.0004875520706176758,RandomForestClassifier,25,"['40649_at', '32648_at', '40165_at', '35778_at', '613_at', '36160_s_at', '32254_at', '1815_g_at', '1814_at', '38138_at', '40607_at', '38484_at', '37406_at', '36148_at', '41430_at', '33377_at', '34265_at', '40808_at', '38887_r_at', '37478_at', '33157_at', '41289_at', '33426_at', '41325_at', '36924_r_at', '0', '1', '2', '3', '4', '5', '6', '7', '8', '9', '10', '11', '12', '13', '14', '15', '16', '17', '18', '19', '20', '21', '22', '23', '24', '0_rbf', '1_rbf', '2_rbf', '3_rbf', '4_rbf', '5_rbf', '6_rbf', '7_rbf', '8_rbf', '9_rbf', '10_rbf', '11_rbf', '12_rbf', '13_rbf', '14_rbf', '15_rbf', '16_rbf', '17_rbf', '18_rbf', '19_rbf', '20_rbf', '21_rbf', '22_rbf', '23_rbf', '24_rbf', 25, 26, 27, 28, 29, 30, 31, 32, 33, 34, 35, 36, 37, 38, 39, 40, 41, 42, 43, 44, 45, 46, 47, 48, 49, 50, 51, 52, 53, 54, 55, 56, 57, 58, 59, 60, 61, 62, 63, 64, 65, 66, 67, 68, 69, 70, 71, 72, 73, 74, 75, 76, 77, 78, 79, 80, 81, 82, 83, 84, 85, 86, 87, 88, 89, 90, 91, 92, 93, 94, 95, 96, 97, 98, 99, 100, 101, 102, 103, 104, 105, 106, 107, 108, 109, 110, 111, 112, 113, 114, 115, 116, 117, 118, 119, 120, 121, 122, 123, 124, 125, 126, 127, 128, 129, 130, 131, 132, 133, 134, 135, 136, 137, 138, 139, 140, 141, 142, 143, 144, 145, 146, 147, 148, 149, 150, 151, 152, 153, 154, 155, 156, 157, 158, 159, 160, 161, 162, 163, 164, 165, 166, 167, 168, 169, 170, 171, 172, 173, 174, 175, 176, 177, 178, 179, 180, 181]","[ 9.17936486 11.58791338 11.35297149 ...  1.77485276  8.11036509
  6.36196463]",Aug_f_classif,9,0.04696254804730415,ARFF_Lung,203,12600,StratifiedKFold n_splits = 10
MCC,0.7979381720788153,0.0004875520706176758,RandomForestClassifier,25,"['40649_at', '32648_at', '40165_at', '35778_at', '613_at', '36160_s_at', '32254_at', '1815_g_at', '1814_at', '38138_at', '40607_at', '38484_at', '37406_at', '36148_at', '41430_at', '33377_at', '34265_at', '40808_at', '38887_r_at', '37478_at', '33157_at', '41289_at', '33426_at', '41325_at', '36924_r_at', '0', '1', '2', '3', '4', '5', '6', '7', '8', '9', '10', '11', '12', '13', '14', '15', '16', '17', '18', '19', '20', '21', '22', '23', '24', '0_rbf', '1_rbf', '2_rbf', '3_rbf', '4_rbf', '5_rbf', '6_rbf', '7_rbf', '8_rbf', '9_rbf', '10_rbf', '11_rbf', '12_rbf', '13_rbf', '14_rbf', '15_rbf', '16_rbf', '17_rbf', '18_rbf', '19_rbf', '20_rbf', '21_rbf', '22_rbf', '23_rbf', '24_rbf', 25, 26, 27, 28, 29, 30, 31, 32, 33, 34, 35, 36, 37, 38, 39, 40, 41, 42, 43, 44, 45, 46, 47, 48, 49, 50, 51, 52, 53, 54, 55, 56, 57, 58, 59, 60, 61, 62, 63, 64, 65, 66, 67, 68, 69, 70, 71, 72, 73, 74, 75, 76, 77, 78, 79, 80, 81, 82, 83, 84, 85, 86, 87, 88, 89, 90, 91, 92, 93, 94, 95, 96, 97, 98, 99, 100, 101, 102, 103, 104, 105, 106, 107, 108, 109, 110, 111, 112, 113, 114, 115, 116, 117, 118, 119, 120, 121, 122, 123, 124, 125, 126, 127, 128, 129, 130, 131, 132, 133, 134, 135, 136, 137, 138, 139, 140, 141, 142, 143, 144, 145, 146, 147, 148, 149, 150, 151, 152, 153, 154, 155, 156, 157, 158, 159, 160, 161, 162, 163, 164, 165, 166, 167, 168, 169, 170, 171, 172, 173, 174, 175, 176, 177, 178, 179, 180, 181]","[ 9.17936486 11.58791338 11.35297149 ...  1.77485276  8.11036509
  6.36196463]",Aug_f_classif,9,0.04696254804730415,ARFF_Lung,203,12600,StratifiedKFold n_splits = 10
AUC,0.9934375,0.0004875520706176758,RandomForestClassifier,25,"['40649_at', '32648_at', '40165_at', '35778_at', '613_at', '36160_s_at', '32254_at', '1815_g_at', '1814_at', '38138_at', '40607_at', '38484_at', '37406_at', '36148_at', '41430_at', '33377_at', '34265_at', '40808_at', '38887_r_at', '37478_at', '33157_at', '41289_at', '33426_at', '41325_at', '36924_r_at', '0', '1', '2', '3', '4', '5', '6', '7', '8', '9', '10', '11', '12', '13', '14', '15', '16', '17', '18', '19', '20', '21', '22', '23', '24', '0_rbf', '1_rbf', '2_rbf', '3_rbf', '4_rbf', '5_rbf', '6_rbf', '7_rbf', '8_rbf', '9_rbf', '10_rbf', '11_rbf', '12_rbf', '13_rbf', '14_rbf', '15_rbf', '16_rbf', '17_rbf', '18_rbf', '19_rbf', '20_rbf', '21_rbf', '22_rbf', '23_rbf', '24_rbf', 25, 26, 27, 28, 29, 30, 31, 32, 33, 34, 35, 36, 37, 38, 39, 40, 41, 42, 43, 44, 45, 46, 47, 48, 49, 50, 51, 52, 53, 54, 55, 56, 57, 58, 59, 60, 61, 62, 63, 64, 65, 66, 67, 68, 69, 70, 71, 72, 73, 74, 75, 76, 77, 78, 79, 80, 81, 82, 83, 84, 85, 86, 87, 88, 89, 90, 91, 92, 93, 94, 95, 96, 97, 98, 99, 100, 101, 102, 103, 104, 105, 106, 107, 108, 109, 110, 111, 112, 113, 114, 115, 116, 117, 118, 119, 120, 121, 122, 123, 124, 125, 126, 127, 128, 129, 130, 131, 132, 133, 134, 135, 136, 137, 138, 139, 140, 141, 142, 143, 144, 145, 146, 147, 148, 149, 150, 151, 152, 153, 154, 155, 156, 157, 158, 159, 160, 161, 162, 163, 164, 165, 166, 167, 168, 169, 170, 171, 172, 173, 174, 175, 176, 177, 178, 179, 180, 181]","[ 9.17936486 11.58791338 11.35297149 ...  1.77485276  8.11036509
  6.36196463]",Aug_f_classif,9,0.04696254804730415,ARFF_Lung,203,12600,StratifiedKFold n_splits = 10
PR-AUC,0.9762339999182106,0.0004875520706176758,RandomForestClassifier,25,"['40649_at', '32648_at', '40165_at', '35778_at', '613_at', '36160_s_at', '32254_at', '1815_g_at', '1814_at', '38138_at', '40607_at', '38484_at', '37406_at', '36148_at', '41430_at', '33377_at', '34265_at', '40808_at', '38887_r_at', '37478_at', '33157_at', '41289_at', '33426_at', '41325_at', '36924_r_at', '0', '1', '2', '3', '4', '5', '6', '7', '8', '9', '10', '11', '12', '13', '14', '15', '16', '17', '18', '19', '20', '21', '22', '23', '24', '0_rbf', '1_rbf', '2_rbf', '3_rbf', '4_rbf', '5_rbf', '6_rbf', '7_rbf', '8_rbf', '9_rbf', '10_rbf', '11_rbf', '12_rbf', '13_rbf', '14_rbf', '15_rbf', '16_rbf', '17_rbf', '18_rbf', '19_rbf', '20_rbf', '21_rbf', '22_rbf', '23_rbf', '24_rbf', 25, 26, 27, 28, 29, 30, 31, 32, 33, 34, 35, 36, 37, 38, 39, 40, 41, 42, 43, 44, 45, 46, 47, 48, 49, 50, 51, 52, 53, 54, 55, 56, 57, 58, 59, 60, 61, 62, 63, 64, 65, 66, 67, 68, 69, 70, 71, 72, 73, 74, 75, 76, 77, 78, 79, 80, 81, 82, 83, 84, 85, 86, 87, 88, 89, 90, 91, 92, 93, 94, 95, 96, 97, 98, 99, 100, 101, 102, 103, 104, 105, 106, 107, 108, 109, 110, 111, 112, 113, 114, 115, 116, 117, 118, 119, 120, 121, 122, 123, 124, 125, 126, 127, 128, 129, 130, 131, 132, 133, 134, 135, 136, 137, 138, 139, 140, 141, 142, 143, 144, 145, 146, 147, 148, 149, 150, 151, 152, 153, 154, 155, 156, 157, 158, 159, 160, 161, 162, 163, 164, 165, 166, 167, 168, 169, 170, 171, 172, 173, 174, 175, 176, 177, 178, 179, 180, 181]","[ 9.17936486 11.58791338 11.35297149 ...  1.77485276  8.11036509
  6.36196463]",Aug_f_classif,9,0.04696254804730415,ARFF_Lung,203,12600,StratifiedKFold n_splits = 10
accuracy,0.85,0.00047898542076822313,RandomForestClassifier,25,"['1814_at', '32650_at', '40165_at', '33446_at', '36207_at', '36148_at', '36160_s_at', '613_at', '38138_at', '34265_at', '35778_at', '41289_at', '37478_at', '41325_at', '41430_at', '38887_r_at', '40808_at', '32254_at', '37406_at', '36924_r_at', '33426_at', '40649_at', '38484_at', '33157_at', '33377_at', '0', '1', '2', '3', '4', '5', '6', '7', '8', '9', '10', '11', '12', '13', '14', '15', '16', '17', '18', '19', '20', '21', '22', '23', '24', '0_rbf', '1_rbf', '2_rbf', '3_rbf', '4_rbf', '5_rbf', '6_rbf', '7_rbf', '8_rbf', '9_rbf', '10_rbf', '11_rbf', '12_rbf', '13_rbf', '14_rbf', '15_rbf', '16_rbf', '17_rbf', '18_rbf', '19_rbf', '20_rbf', '21_rbf', '22_rbf', '23_rbf', '24_rbf', 25, 26, 27, 28, 29, 30, 31, 32, 33, 34, 35, 36, 37, 38, 39, 40, 41, 42, 43, 44, 45, 46, 47, 48, 49, 50, 51, 52, 53, 54, 55, 56, 57, 58, 59, 60, 61, 62, 63, 64, 65, 66, 67, 68, 69, 70, 71, 72, 73, 74, 75, 76, 77, 78, 79, 80, 81, 82, 83, 84, 85, 86, 87, 88, 89, 90, 91, 92, 93, 94, 95, 96, 97, 98, 99, 100, 101, 102, 103, 104, 105, 106, 107, 108, 109, 110, 111, 112, 113, 114, 115, 116, 117, 118, 119, 120, 121, 122, 123, 124, 125, 126, 127, 128, 129, 130, 131, 132, 133, 134, 135, 136, 137, 138, 139, 140, 141, 142, 143, 144, 145, 146, 147, 148, 149, 150, 151, 152, 153, 154, 155, 156, 157, 158, 159, 160, 161, 162, 163, 164, 165, 166, 167, 168, 169, 170, 171, 172, 173, 174, 175, 176, 177, 178, 179, 180, 181]","[10.83597843 11.21522914 12.61832586 ...  0.5148031   7.40973073
  6.91684453]",Aug_f_classif,10,0.047271180897951126,ARFF_Lung,203,12600,StratifiedKFold n_splits = 10
MCC,0.7149141536167939,0.00047898542076822313,RandomForestClassifier,25,"['1814_at', '32650_at', '40165_at', '33446_at', '36207_at', '36148_at', '36160_s_at', '613_at', '38138_at', '34265_at', '35778_at', '41289_at', '37478_at', '41325_at', '41430_at', '38887_r_at', '40808_at', '32254_at', '37406_at', '36924_r_at', '33426_at', '40649_at', '38484_at', '33157_at', '33377_at', '0', '1', '2', '3', '4', '5', '6', '7', '8', '9', '10', '11', '12', '13', '14', '15', '16', '17', '18', '19', '20', '21', '22', '23', '24', '0_rbf', '1_rbf', '2_rbf', '3_rbf', '4_rbf', '5_rbf', '6_rbf', '7_rbf', '8_rbf', '9_rbf', '10_rbf', '11_rbf', '12_rbf', '13_rbf', '14_rbf', '15_rbf', '16_rbf', '17_rbf', '18_rbf', '19_rbf', '20_rbf', '21_rbf', '22_rbf', '23_rbf', '24_rbf', 25, 26, 27, 28, 29, 30, 31, 32, 33, 34, 35, 36, 37, 38, 39, 40, 41, 42, 43, 44, 45, 46, 47, 48, 49, 50, 51, 52, 53, 54, 55, 56, 57, 58, 59, 60, 61, 62, 63, 64, 65, 66, 67, 68, 69, 70, 71, 72, 73, 74, 75, 76, 77, 78, 79, 80, 81, 82, 83, 84, 85, 86, 87, 88, 89, 90, 91, 92, 93, 94, 95, 96, 97, 98, 99, 100, 101, 102, 103, 104, 105, 106, 107, 108, 109, 110, 111, 112, 113, 114, 115, 116, 117, 118, 119, 120, 121, 122, 123, 124, 125, 126, 127, 128, 129, 130, 131, 132, 133, 134, 135, 136, 137, 138, 139, 140, 141, 142, 143, 144, 145, 146, 147, 148, 149, 150, 151, 152, 153, 154, 155, 156, 157, 158, 159, 160, 161, 162, 163, 164, 165, 166, 167, 168, 169, 170, 171, 172, 173, 174, 175, 176, 177, 178, 179, 180, 181]","[10.83597843 11.21522914 12.61832586 ...  0.5148031   7.40973073
  6.91684453]",Aug_f_classif,10,0.047271180897951126,ARFF_Lung,203,12600,StratifiedKFold n_splits = 10
AUC,0.9753125,0.00047898542076822313,RandomForestClassifier,25,"['1814_at', '32650_at', '40165_at', '33446_at', '36207_at', '36148_at', '36160_s_at', '613_at', '38138_at', '34265_at', '35778_at', '41289_at', '37478_at', '41325_at', '41430_at', '38887_r_at', '40808_at', '32254_at', '37406_at', '36924_r_at', '33426_at', '40649_at', '38484_at', '33157_at', '33377_at', '0', '1', '2', '3', '4', '5', '6', '7', '8', '9', '10', '11', '12', '13', '14', '15', '16', '17', '18', '19', '20', '21', '22', '23', '24', '0_rbf', '1_rbf', '2_rbf', '3_rbf', '4_rbf', '5_rbf', '6_rbf', '7_rbf', '8_rbf', '9_rbf', '10_rbf', '11_rbf', '12_rbf', '13_rbf', '14_rbf', '15_rbf', '16_rbf', '17_rbf', '18_rbf', '19_rbf', '20_rbf', '21_rbf', '22_rbf', '23_rbf', '24_rbf', 25, 26, 27, 28, 29, 30, 31, 32, 33, 34, 35, 36, 37, 38, 39, 40, 41, 42, 43, 44, 45, 46, 47, 48, 49, 50, 51, 52, 53, 54, 55, 56, 57, 58, 59, 60, 61, 62, 63, 64, 65, 66, 67, 68, 69, 70, 71, 72, 73, 74, 75, 76, 77, 78, 79, 80, 81, 82, 83, 84, 85, 86, 87, 88, 89, 90, 91, 92, 93, 94, 95, 96, 97, 98, 99, 100, 101, 102, 103, 104, 105, 106, 107, 108, 109, 110, 111, 112, 113, 114, 115, 116, 117, 118, 119, 120, 121, 122, 123, 124, 125, 126, 127, 128, 129, 130, 131, 132, 133, 134, 135, 136, 137, 138, 139, 140, 141, 142, 143, 144, 145, 146, 147, 148, 149, 150, 151, 152, 153, 154, 155, 156, 157, 158, 159, 160, 161, 162, 163, 164, 165, 166, 167, 168, 169, 170, 171, 172, 173, 174, 175, 176, 177, 178, 179, 180, 181]","[10.83597843 11.21522914 12.61832586 ...  0.5148031   7.40973073
  6.91684453]",Aug_f_classif,10,0.047271180897951126,ARFF_Lung,203,12600,StratifiedKFold n_splits = 10
PR-AUC,0.9140369295307377,0.00047898542076822313,RandomForestClassifier,25,"['1814_at', '32650_at', '40165_at', '33446_at', '36207_at', '36148_at', '36160_s_at', '613_at', '38138_at', '34265_at', '35778_at', '41289_at', '37478_at', '41325_at', '41430_at', '38887_r_at', '40808_at', '32254_at', '37406_at', '36924_r_at', '33426_at', '40649_at', '38484_at', '33157_at', '33377_at', '0', '1', '2', '3', '4', '5', '6', '7', '8', '9', '10', '11', '12', '13', '14', '15', '16', '17', '18', '19', '20', '21', '22', '23', '24', '0_rbf', '1_rbf', '2_rbf', '3_rbf', '4_rbf', '5_rbf', '6_rbf', '7_rbf', '8_rbf', '9_rbf', '10_rbf', '11_rbf', '12_rbf', '13_rbf', '14_rbf', '15_rbf', '16_rbf', '17_rbf', '18_rbf', '19_rbf', '20_rbf', '21_rbf', '22_rbf', '23_rbf', '24_rbf', 25, 26, 27, 28, 29, 30, 31, 32, 33, 34, 35, 36, 37, 38, 39, 40, 41, 42, 43, 44, 45, 46, 47, 48, 49, 50, 51, 52, 53, 54, 55, 56, 57, 58, 59, 60, 61, 62, 63, 64, 65, 66, 67, 68, 69, 70, 71, 72, 73, 74, 75, 76, 77, 78, 79, 80, 81, 82, 83, 84, 85, 86, 87, 88, 89, 90, 91, 92, 93, 94, 95, 96, 97, 98, 99, 100, 101, 102, 103, 104, 105, 106, 107, 108, 109, 110, 111, 112, 113, 114, 115, 116, 117, 118, 119, 120, 121, 122, 123, 124, 125, 126, 127, 128, 129, 130, 131, 132, 133, 134, 135, 136, 137, 138, 139, 140, 141, 142, 143, 144, 145, 146, 147, 148, 149, 150, 151, 152, 153, 154, 155, 156, 157, 158, 159, 160, 161, 162, 163, 164, 165, 166, 167, 168, 169, 170, 171, 172, 173, 174, 175, 176, 177, 178, 179, 180, 181]","[10.83597843 11.21522914 12.61832586 ...  0.5148031   7.40973073
  6.91684453]",Aug_f_classif,10,0.047271180897951126,ARFF_Lung,203,12600,StratifiedKFold n_splits = 10
